Month,Revenue,Platform
1/1/2025,40404,Snapdeal
2/1/2025,39157,Myntra
3/1/2025,22570,Amazon
4/1/2025,14483,Amazon
5/1/2025,38754,Myntra
6/1/2025,28717,Snapdeal
7/1/2025,27448.80094,Amazon
8/1/2025,25637.90473,Flipkart
9/1/2025,27326.29539,Myntra
